Product_id,Product_Position,Promotion,Product Category,Seasonal,Sales_volume,sku,name,description,price,currency,scraped_at,terms,section
185102,Aisle,No,Clothing,No,2823,272145190-250-2,BASIC PUFFER JACKET,Puffer jacket made of tear-resistant ripstop fabric. High collar and adjustable long sleeves with adhesive straps. Welt pockets at hip. Adjustable hem with side elastics. Front zip closure.,19.99,USD,2/19/2024 8:50,jackets,MAN
188771,Aisle,No,Clothing,No,654,324052738-800-46,TUXEDO JACKET,Straight fit blazer. Pointed lapel collar and long sleeves with buttoned cuffs. Welt pockets at hip and interior pocket. Central back vent at hem. Front button closure.,169,USD,2/19/2024 8:50,jackets,MAN
180176,End-cap,Yes,Clothing,Yes,2220,335342680-800-44,SLIM FIT SUIT JACKET,Slim fit jacket. Notched lapel collar. Long sleeves with buttoned cuffs. Welt pocket at chest and flap pockets at hip. Interior pocket. Back vents. Front button closure.,129,USD,2/19/2024 8:50,jackets,MAN
112917,Aisle,Yes,Clothing,Yes,1568,328303236-420-44,STRETCH SUIT JACKET,Slim fit jacket made of viscose blend fabric. Notched lapel collar. Long sleeves with buttoned cuffs. Welt pocket at chest and flap pockets at hip. Interior pocket. Back vents. Front button closure.,129,USD,2/19/2024 8:50,jackets,MAN
192936,End-cap,No,Clothing,Yes,2942,312368260-800-2,DOUBLE FACED JACKET,Jacket made of faux leather faux shearling with fleece interior. Tabbed lapel collar. Long sleeves. Zip pockets at hip. Front zip closure.,139,USD,2/19/2024 8:50,jackets,MAN
117590,End-cap,No,Clothing,No,2968,320298385-807-2,CONTRASTING COLLAR JACKET,Relaxed fit jacket. Contrasting lapel collar and long sleeves with buttoned cuffs. Front pouch pockets. Interior pocket. Washed effect. Front zip closure.,79.9,USD,2/19/2024 8:50,jackets,MAN
189118,Front of Store,Yes,Clothing,Yes,952,278112470-800-2,FAUX LEATHER PUFFER JACKET,Faux leather puffer jacket. High collar and long sleeves with ribbed interior cuffs. Welt pockets at hip. Interior pocket. Adjustable hem with side elastics. Front zip closure.,69.99,USD,2/19/2024 8:50,jackets,MAN
182157,Aisle,No,Clothing,No,2421,322972485-431-46,SUIT JACKET IN 100% LINEN,Straight fit blazer made of linen. Notched lapel collar and long sleeves with buttoned cuffs. Welt pocket at chest and flap pockets at hip. Interior pocket. Back vents. Front button closure.,159,USD,2/19/2024 8:50,jackets,MAN
141861,Aisle,Yes,Clothing,Yes,1916,313854165-401-46,100% WOOL SUIT JACKET,Jacket made of Italian wool. Pointed lapel collar and long sleeves with buttoned cuffs. Welt pocket at chest and flap pockets at hip. Interior pocket. Back vents. Front button closure.,169,USD,2/19/2024 8:50,jackets,MAN
137121,Aisle,No,Clothing,Yes,656,312372602-800-2,100% FEATHER FILL PUFFER JACKET,Puffer jacket made of shiny finish technical fabric. Fill is a blend of 80% down and 20% feathers. High collar with adjustable hood and long sleeves with elastic cuffs. Welt pockets at hip and interior pocket. Adjustable hem with side elastics. Front zip closure.,169,USD,2/19/2024 8:50,jackets,MAN
113143,Aisle,Yes,Clothing,Yes,2663,316207900-710-2,HERRINGBONE TEXTURED JACKET,Jacket made of wool blend fabric. Lapel collar and long sleeves. Welt pockets at hip. Front zip closure.,129,USD,2/19/2024 8:50,jackets,MAN
140028,Aisle,Yes,Clothing,Yes,1260,329186122-800-2,OVERSIZED CROPPED JACKET LIMITED EDITION,Oversized cropped jacket. Notched lapel collar and long sleeves with buttoned cuffs. Flap pockets at waist ad interior pocket. Front button closure.,159,USD,2/19/2024 8:50,jackets,MAN
134693,Aisle,Yes,Clothing,No,2124,311297791-800-2,LEATHER BIKER JACKET,Jacket with lapel collar and snap button details. Long sleeves with zip cuffs. Front zip pockets and interior pocket. Asymmetric front closure with metal zipper.,169,USD,2/19/2024 8:50,jackets,MAN
151396,Front of Store,Yes,Clothing,Yes,729,323134418-800-3,CROPPED LEATHER JACKET,Leather jacket. Cropped length. Lapel collar and long sleeves. Front hidden in-seam pockets. Front zip closure.,439,USD,2/19/2024 8:50,jackets,MAN
132889,Aisle,Yes,Clothing,Yes,2265,311297555-706-2,FAUX LEATHER BOXY FIT JACKET,Boxy fit jacket. Lapel collar and long sleeves with buttoned cuffs. Welt pockets at hip. Front button closure.,99.9,USD,2/19/2024 8:50,jackets,MAN
152174,End-cap,No,Clothing,No,2226,317012940-800-2,FAUX LEATHER JACKET,Jacket made of faux leather fabric. Lapel collar with snap button details. Long sleeves with zip cuffs. Front zip pockets at chest and hip. Interior pocket. Asymmetric front closure with metal zipper.,99.9,USD,2/19/2024 8:50,jackets,MAN
129906,Aisle,No,Clothing,No,2089,311292672-800-2,FAUX SUEDE BOMBER JACKET,Jacket made of faux suede fabric. Ribbed elastic high collar and long sleeve. Welt pockets at hip. Rib trim. Front zip closure.,69.9,USD,2/19/2024 8:50,jackets,MAN
195879,Front of Store,Yes,Clothing,Yes,2339,321496837-400-3,DENIM BOMBER JACKET,Jacket made of denim fabric with padded interior. Rib elastic collar and long sleeves. Welt pockets at hip and interior pocket. Elastic hem. All-over contrasting topstitching details. Front zip closure.,129,USD,2/19/2024 8:50,jackets,MAN
155050,Aisle,No,Clothing,Yes,2321,316205038-615-2,BOUCLГ‰ TEXTURED JACKET,Cropped jacket made with wool blend fabric. High collar and long sleeves with elastic cuffs. Front patch pockets with flaps. Elastic hem. Front snap button closure.,129,USD,2/19/2024 8:50,jackets,MAN
194410,End-cap,No,Clothing,No,669,322972473-052-46,SUIT JACKET IN 100% LINEN,Straight fit blazer made of linen. Notched lapel collar and long sleeves with buttoned cuffs. Flap pockets at hip. Interior pocket. Back vents. Front button closure.,159,USD,2/19/2024 8:50,jackets,MAN
141904,End-cap,Yes,Clothing,Yes,1712,313845662-400-3,JACQUARD DENIM JACKET,Lapel collar jacket with long sleeves with buttoned cuffs. Patch pockets with flaps at chest and side pockets at hip. Front hidden button closure.,109,USD,2/19/2024 8:50,jackets,MAN
124981,Front of Store,No,Clothing,Yes,1832,320264577-800-2,PADDED DENIM JACKET,Cropped jacket with lightly quilted interior. Lapel collar and long sleeves. Flap patch pockets at hip. Washed effect. Rib hems. Front zip closure.,89.9,USD,2/19/2024 8:50,jackets,MAN
161909,Aisle,Yes,Clothing,No,1290,315529534-705-3,LEATHER JACKET,Relaxed fit jacket in leather. Spread collar and long sleeves with slit cuffs with button closure. Patch pockets at hip. Back vents. Front button closure.,299,USD,2/19/2024 8:50,jackets,MAN
129152,End-cap,No,Clothing,No,2356,320423517-800-2,LIGHTWEIGHT BOMBER JACKET,Lightweight jacket made of technical fabric. Round neck and long sleeves. Welt pockets at hip. Interior pocket. Rib trim. Front zip closure.,49.9,USD,2/19/2024 8:50,jackets,MAN
183243,Front of Store,Yes,Clothing,No,1524,328250627-251-46,SUIT JACKET,Straight fit jacket made of dense stretch fabric. Notched lapel collar and long sleeves with buttoned cuffs. Welt pocket at chest and flap pockets at hip. Interior pocket. Back vents. Front button closure.,169,USD,2/19/2024 8:50,jackets,MAN
198248,Front of Store,Yes,Clothing,No,1644,311309526-800-2,FAUX LEATHER BOMBER JACKET,Jacket made of faux leather fabric. High collar and long sleeves. Welt pockets at hip and interior pocket. Rib trim. Front zip closure.,69.9,USD,2/19/2024 8:50,jackets,MAN
191230,End-cap,No,Clothing,No,966,311287528-811-2,PATCH BOMBER JACKET,Varsity jacket made of faux suede fabric. Double welt pockets at hip and interior pocket. Front and back contrasting patch appliquГ©s and embroidery. Rib trim. Front snap button closure.,89.9,USD,2/19/2024 8:50,jackets,MAN
187234,Front of Store,Yes,Clothing,Yes,2575,342657802-914-2,STRETCH POCKET OVERSHIRT,Overshirt made of stretchy fabric. Lapel collar and long sleeves with snap buttoned cuffs. Chest patch pockets. Front snap button closure.,59.9,USD,2/19/2024 8:50,jackets,MAN
148888,Front of Store,No,Clothing,No,2774,316207898-712-2,RIB COLLAR JACKET,Jacket made of technical fabric with padded interior. Tonal elastic rib high collar. Long sleeves. Welt pockets at hip and interior pocket. Interior elastic finish. Front zip closure.,109,USD,2/19/2024 8:50,jackets,MAN
110805,Front of Store,Yes,Clothing,No,2477,321496761-800-2,FAUX LEATHER OVERSIZED JACKET LIMITED EDITION,Oversized jacket. Notched lapel collar and long sleeves. Flap pockets at hip and interior pocket. Front button closure.,159,USD,2/19/2024 8:50,jackets,MAN
179801,Front of Store,No,Clothing,Yes,2608,311307255-800-2,CONTRASTING PATCHES BOMBER JACKET,Varsity jacket with elastic collar and long sleeves. Welt pockets at hip and interior pocket. Embroidered appliquГ© and contrast front and back patches. Rib trim. Front snap button closure.,129,USD,2/19/2024 8:50,jackets,MAN
134927,Aisle,Yes,Clothing,Yes,2252,317129011-500-2,PATCH BOMBER JACKET,Varsity jacket with padded interior. Rib elastic collar and long sleeves in contrast faux leather. Double welt pockets at hip and interior pocket. Contrasting patch appliquГ©s at front and back. Rib trim. Front snap button closure.,129,USD,2/19/2024 8:50,jackets,MAN
123150,End-cap,Yes,Clothing,No,2074,330274270-800-2,CROPPED BOMBER JACKET LIMITED EDITION,Jacket with lightly padded interior. Rib collar and long sleeves. Flap pockets at waist. Rib trim. Front asymmetric zip closure.,129,USD,2/19/2024 8:50,jackets,MAN
159145,End-cap,Yes,Clothing,No,2579,311297855-800-2,FAUX LEATHER PUFFER JACKET,Faux leather jacket with padded interior. Lapel collar and long sleeves with snap buttoned cuffs. Welt pockets at hip and interior pocket. Elastic hem. Front zip hidden by a snap button flap.,109,USD,2/19/2024 8:50,jackets,MAN
172364,Aisle,Yes,Clothing,No,2931,317782474-800-2,FAUX LEATHER BOMBER JACKET,Jacket made of faux leather fabric. Rib elastic collar and long sleeves. Zip pockets with flaps at hip. Interior pocket. Elastic hem. Front zip closure.,109,USD,2/19/2024 8:50,jackets,MAN
178281,End-cap,No,Clothing,Yes,1145,315758723-401-2,BOMBER JACKET,Varsity jacket. High collar and long sleeves. Welt pockets at hip and interior pocket. Rib trim. Front snap button closure.,109,USD,2/19/2024 8:50,jackets,MAN
194339,End-cap,No,Clothing,No,1792,311302863-800-2,FAUX SUEDE JACKET,Lapel collar jacket with long sleeves with buttoned cuffs. Flap pockets at chest and welt pockets at hip. Front button closure.,89.9,USD,2/19/2024 8:50,jackets,MAN
174412,Aisle,No,Clothing,Yes,1796,311282759-806-2,FAUX SUEDE BOMBER JACKET,Jacket made of faux suede fabric. Rib elastic collar and long sleeves. Welt pockets at hip. Rib trim. Front zip closure.,69.9,USD,2/19/2024 8:50,jackets,MAN
114877,Aisle,No,Clothing,No,1860,323134415-700-3,SUEDE JACKET,Jacket made of suede. Cropped length. Lapel collar and long sleeves. Front hidden in-seam pockets. Front zip closure.,349,USD,2/19/2024 8:50,jackets,MAN
140727,End-cap,Yes,Clothing,Yes,1002,312372582-526-2,CONTRASTING COLLAR JACKET,Jacket with lightly padded interior. Contrasting lapel collar. Long sleeves with buttoned cuffs. Washed effect. Double welt pockets at chest and hip. Front zip closure.,79.9,USD,2/19/2024 8:50,jackets,MAN
133109,Front of Store,No,Clothing,Yes,2063,321143726-712-2,TEXTURED JACKET,Jacket made of textured fabric. Lapel collar and long sleeves with buttoned cuffs. Patch pockets at chest and hidden pockets at hip. Side vents at hem. Front button closure.,79.9,USD,2/19/2024 8:50,jackets,MAN
127296,Aisle,No,Clothing,No,1165,320220949-507-2,CROPPED TEXTURED JACKET,Jacket made of dense cotton fabric cut on the bias. Lapel collar and long sleeves with buttoned cuffs. Welt pockets at hip and interior pocket. Cropped length. Front zip closure.,89.9,USD,2/19/2024 8:50,jackets,MAN
133757,Aisle,Yes,Clothing,No,2071,312664937-514-2,POCKET PUFFER JACKET,Quilted jacket made of technical fabric. High collar and long sleeves. Flap pocket at chest and hidden in-seam pockets at side hip. Interior pocket. Interior elastic hem. Cropped length. Front zip closure.,129,USD,2/19/2024 8:50,jackets,MAN
111760,End-cap,No,Clothing,No,1474,321143723-401-2,TECHNICAL JACKET WITH POCKETS,Jacket made of technical fabric with quilted interior. Lapel collar and long sleeves. Flap patch pockets at hip. Rib trim. Front button closure.,109,USD,2/19/2024 8:50,jackets,MAN
198375,End-cap,No,Clothing,No,2202,311297763-800-2,FAUX LEATHER JACKET,Jacket made of faux leather fabric. Lapel collar and long sleeves with snap buttoned cuffs. Welt pockets at hip. Front snap button closure.,69.9,USD,2/19/2024 8:50,jackets,MAN
168837,Aisle,No,Clothing,No,665,311292194-731-2,FAUX SUEDE JACKET,Lapel collar jacket with long sleeves with buttoned cuffs. Flap pockets at chest and welt pockets at hip. Front button closure.,89.9,USD,2/19/2024 8:50,jackets,MAN
138505,Front of Store,No,Clothing,No,2478,335663355-406-2,RIPPED DENIM JACKET,Denim jacket with lapel collar and long sleeves with buttoned cuffs. Flap pockets at chest and welt pockets at hip. All over washed effect and rips. Front button closure.,69.9,USD,2/19/2024 8:50,jackets,MAN
116228,End-cap,Yes,Clothing,No,647,312363708-800-2,TEXTURED POCKET JACKET,Jacket with lightly padded interior. Lapel collar and long sleeves with buttoned cuffs. Flap pockets at chest and welt pockets at hip. Front button closure.,89.9,USD,2/19/2024 8:50,jackets,MAN
167592,Front of Store,Yes,Clothing,No,707,312320664-251-2,FAUX SUEDE PATCH JACKET,Varsity jacket made of faux suede fabric. Lapel collar and long sleeves. Double welt pockets at hip and interior pocket. Front contrasting patch appliquГ©s and embroidery. Rib trim. Front snap button closure.,89.9,USD,2/19/2024 8:50,jackets,MAN
133100,End-cap,Yes,Clothing,No,2729,311302445-445-97,PUFFER JACKET WITH POUCH POCKET,Jacket made of technical fabric with padded interior. High collar with front zip closure and long sleeves with elastic strap cuffs. Front and back contrast embroidered text. Zip pockets at hip. Adjustable elastic strap at hem with side zippers and strap.,89.9,USD,2/19/2024 8:50,jackets,MAN
119955,Front of Store,No,Clothing,No,1590,323216370-422-97,BOMBER JACKET,Boxy bomber jacket. Rib elastic collar and long sleeves. Welt pockets at hip. Elasticized trim. Front zip closure.,89.9,USD,2/19/2024 8:50,jackets,MAN
189349,End-cap,Yes,Clothing,No,1245,317107014-707-2,TEXTURED WEAVE OVERSHIRT,Relaxed fit overshirt. Lapel collar and long sleeves with buttoned cuffs. Side hidden in-seam pockets. Front button closure.,89.9,USD,2/19/2024 8:50,jackets,MAN
127478,Front of Store,No,Clothing,Yes,2498,328594167-800-46,STRAIGHT SUIT JACKET,Straight fit blazer. Notched lapel collar and long sleeves with buttoned cuffs. Flap pockets at hip. Interior pocket. Central back vent at hem. Front button closure.,129,USD,2/19/2024 8:50,jackets,MAN
180661,Front of Store,No,Clothing,Yes,1041,311309598-711-2,HOODED QUILTED JACKET,Puffer jacket with high collar and adjustable hood. Long sleeves with interior rib cuffs. Welt pockets at hip and interior pocket. Adjustable hem with side elastics. Front zip hidden by a snap button flap.,129,USD,2/19/2024 8:50,jackets,MAN
186681,End-cap,No,Clothing,Yes,1717,267133943-711-2,LIGHTWEIGHT PUFFER JACKET,Padded jacket made of technical fabric. High collar and long sleeves. Welt pockets at hip. Elasticized trim. Front zip closure.,19.99,USD,2/19/2024 8:50,jackets,MAN
133183,Front of Store,Yes,Clothing,Yes,2859,318265017-401-2,COTTON BLEND BOMBER JACKET,Jacket made of cotton blend fabric. High collar and long sleeves. Welt pockets at hip. Rib trim. Cropped length. Front zip closure.,89.9,USD,2/19/2024 8:50,jackets,MAN
173508,Aisle,Yes,Clothing,No,1658,322410604-401-2,POCKET JACKET,Jacket made of dense technical fabric. Lapel collar and long sleeves with buttoned cuffs. Multi-functional front pockets. Front zip hidden by a snap button flap.,129,USD,2/19/2024 8:50,jackets,MAN
187930,End-cap,No,Clothing,Yes,706,324149982-982-2,OVERSIZED BOMBER JACKET,Oversized jacket made of technical fabric. High collar and long sleeves with pocket detail. Welt pockets at hip and interior pocket. Rib trim. Adjustable asymmetric hem with side zippers. Front zip closure.,89.9,USD,2/19/2024 8:50,jackets,MAN
124088,End-cap,Yes,Clothing,Yes,2065,320531693-707-2,EMBROIDERED PATCH JACKET,Roomy jacket made of lightweight fabric. Lapel collar and long sleeves with elastic cuffs. Contrasting patch appliquГ©s with embroidery at front and back. Front pouch pocket. Elastic hem. Front zip closure.,79.9,USD,2/19/2024 8:50,jackets,MAN
190238,Front of Store,No,Clothing,Yes,1917,328279967-409-3,ACID WASH DENIM JACKET,Jacket made of cotton denim. Lapel collar and long sleeves with buttoned cuffs. Patch pockets at chest and side pockets at hip. Washed effect. Front zip closure.,89.9,USD,2/19/2024 8:50,jackets,MAN
151925,End-cap,Yes,Clothing,Yes,2179,320774184-800-97,VINTAGE EFFECT LEATHER BOMBER JACKET,,299,USD,2/19/2024 8:50,jackets,MAN
163234,Front of Store,No,Clothing,No,1633,322972491-800-2,TEXTURED DENIM JACKET LIMITED EDITION,Lapel collar jacket with long sleeves with buttoned cuffs. Flap pockets at chest and welt pockets at hip. All over washed and uneven textured effect. Front button closure.,89.9,USD,2/19/2024 8:50,jackets,MAN
135610,Aisle,Yes,Clothing,Yes,1513,321501682-800-2,WOOL BLEND JACKET,Jacket made of wool blend fabric. Lapel collar and long sleeves. Welt pockets at hip and interior pocket. Rib trim. Front zip closure.,109,USD,2/19/2024 8:50,jackets,MAN
117065,Aisle,Yes,Clothing,Yes,758,328616906-712-2,COTTON - LINEN BLEND JACKET,Jacket made of cotton and linen blend fabric. Lapel collar and long sleeves with buttoned cuffs. Patch pocket at chest and side pockets at hip. Elastic hem. Front zip closure.,109,USD,2/19/2024 8:50,jackets,MAN
149315,End-cap,Yes,Clothing,No,718,311292541-802-2,FLEECE BOMBER JACKET,Jacket made of faux shearling fabric. Rib elastic collar and long sleeves. Welt pockets at hip and interior pocket. Rib trim. Front zip closure.,109,USD,2/19/2024 8:50,jackets,MAN
149510,Aisle,No,Clothing,Yes,1412,319205114-807-2,ZIPPERED JACKET,Lapel collar jacket with long sleeves. Front pouch pockets. Front zip closure.,59.9,USD,2/19/2024 8:50,jackets,MAN
137990,Aisle,No,Clothing,No,2929,276213846-500-2,COTTON JACKET,Lapel collar jacket with long sleeves with elastic cuffs. Patch pockets at hip. Elastic hem. Front snap button closure.,29.99,USD,2/19/2024 8:50,jackets,MAN
154016,End-cap,Yes,Clothing,Yes,2366,328244979-064-48,WOOL BLEND TEXTURED JACKET,Jacket made of wool blend fabric. Pointed lapel collar and long sleeves with buttoned cuffs. Welt pockets at chest and flap pockets at hip. Interior pocket. Back vents. Front double breasted button closure.,189,USD,2/19/2024 8:50,jackets,MAN
117751,Aisle,No,Clothing,No,2749,323050745-798-97,CONTRAST JACQUARD JACKET,Full cut jacket with lapel collar and long sleeves. Front button closure.,89.9,USD,2/19/2024 8:50,jackets,MAN
182362,Front of Store,No,Clothing,No,2019,319166635-401-2,CROPPED OVERSHIRT,Cropped overshirt made of contrast double faced fabric. Lapel collar and long sleeves with buttoned cuffs. Chest patch pocket. Adjustable hem with side elastics. Front button closure partially hidden by a flap.,69.9,USD,2/19/2024 8:50,jackets,MAN
117725,Aisle,No,Clothing,Yes,1506,311297489-800-2,CONTRASTING PATCHES HOODED JACKET,Varsity jacket with stretchy collar and contrasting hood. Long sleeves. Welt pockets at hip and interior pocket. Embroidered appliquГ© and contrast front and back patches. Rib trim. Front snap button closure.,109,USD,2/19/2024 8:50,jackets,MAN
145289,End-cap,No,Clothing,No,1012,311292073-709-2,UTILITY POCKET JACKET,Cropped jacket. Lapel collar and long sleeves. Front utility pockets with zip closure. Washed effect. Elastic hem. Adjustable hem with side elastics. Front zip closure.,109,USD,2/19/2024 8:50,jackets,MAN
173576,End-cap,Yes,Clothing,No,1838,336378923-700-2,,,129,USD,2/19/2024 8:50,jackets,MAN
175059,Aisle,Yes,Clothing,No,2170,311292572-401-2,LIGHTWEIGHT BOMBER JACKET,Lightweight jacket made of technical fabric. Round neck and long sleeves. Welt pockets at hip. Interior pocket. Rib trim. Front zip closure.,49.9,USD,2/19/2024 8:50,jackets,MAN
199368,Front of Store,No,Clothing,Yes,1061,336821611-706-2,WOOL BLEND JACKET,Lapel collar jacket with long sleeves with buttoned cuffs. Chest patch pockets and welt pockets at hip. Front button closure.,139,USD,2/19/2024 8:50,jackets,MAN
162883,Front of Store,Yes,Clothing,No,786,311307584-518-2,TECHNICAL PADDED JACKET,Jacket made of technical fabric with padded interior. High collar with foldable interior hood. Long sleeves with interior rib cuffs. Front pockets with hidden zip closure and interior pocket detail. Adjustable hem with side elastics. Front zip hidden by a snap button flap.,139,USD,2/19/2024 8:50,jackets,MAN
135490,Front of Store,No,Clothing,No,1094,321151893-609-2,MIXED COLLAR WAXED JACKET,Jacket made of waxed finish fabric with lightly padded interior. Contrast fabric lapel collar. Long sleeves. Patch pockets at hip. Interior pocket. Slightly cropped length. Front hidden zip and button closure.,139,USD,2/19/2024 8:50,jackets,MAN
125408,End-cap,Yes,Clothing,Yes,2220,311297509-800-2,CONTRASTING PATCHES BOMBER JACKET,Varsity jacket with elastic collar and long sleeves. Welt pockets at hip and interior pocket. Embroidered appliquГ© and contrast front and back patches. Rib trim. Front snap button closure.,89.9,USD,2/19/2024 8:50,jackets,MAN
134763,Front of Store,No,Clothing,Yes,2048,315947178-800-2,PADDED BOMBER JACKET,Quilted jacket made of technical fabric. Lapel collar and long sleeves. Welt pockets at hip. Rib trim. Front zip closure.,89.9,USD,2/19/2024 8:50,jackets,MAN
143231,Aisle,No,Clothing,No,2578,311297745-800-2,TECHNICAL PADDED JACKET,Jacket made of technical fabric with padded interior. Lapel collar and long sleeves with elastic cuffs. Welt pockets at hip and interior pocket. Adjustable drawstring hem. Front snap button closure.,89.9,USD,2/19/2024 8:50,jackets,MAN
125409,End-cap,Yes,Clothing,No,2040,330290360-427-3,POCKET DENIM JACKET,Slightly cropped denim jacket. Lapel collar and long sleeves with buttoned cuffs. Flap patch pocket at chest and side hip. Washed effect. Front button closure.,89.9,USD,2/19/2024 8:50,jackets,MAN
183074,Aisle,No,Clothing,No,2791,320449897-427-2,BOXY FIT DENIM JACKET,Boxy fit jacket. Lapel collar and long sleeves with buttoned cuffs. Patch pockets at hip. Washed effect.Asymmetric hem with side vents. Front button closure.,89.9,USD,2/19/2024 8:50,jackets,MAN
147947,Aisle,Yes,Clothing,Yes,1249,311297724-700-97,FAUX SHEARLING PLAID JACKET,Jacket made of faux shearling fabric. V-neckline and long sleeves with elastic cuffs. Lined interior with structured mesh fabric. Welt pockets at hip. Adjustable hem with side elastics. Front snap button closure.,89.9,USD,2/19/2024 8:51,jackets,MAN
174171,Front of Store,Yes,Clothing,Yes,2273,328332050-700-97,EMBROIDERED FOREST JACKET,Jacket with lightly padded interior. Corduroy lapel collar. Long sleeves. Patch pockets at hip. Front button closure.,89.9,USD,2/19/2024 8:51,jackets,MAN
183064,Front of Store,Yes,Clothing,No,1773,311282469-505-2,POCKET OVERSHIRT,Cropped overshirt. Lapel collar and long sleeves with buttoned cuffs. Front patch pockets. Irregular finished seams. Front button closure.,89.9,USD,2/19/2024 8:51,jackets,MAN
177131,Aisle,Yes,Clothing,Yes,1733,319502128-515-2,BOUCLE TEXTURED VEST,Vest made of viscose and wool blend fabric. V-neckline. Patch pockets at hip. Front zip closure.,69.9,USD,2/19/2024 8:51,jackets,MAN
128179,End-cap,Yes,Clothing,No,2060,311287226-472-2,COLOR BLOCK PUFFER JACKET,Jacket made of technical fabric with padded interior. High collar and long sleeves with elastic cuffs. Front pockets with hidden zip closure. Elastic hem. Front zip closure.,89.9,USD,2/19/2024 8:51,jackets,MAN
152723,Aisle,No,Clothing,Yes,2849,316683359-818-2,LONGLINE QUILTED JACKET,Parka made of technical fabric with padded interior. High collar with removable hood. Long sleeves with interior elastic cuffs. Welt pockets at chest and flap pockets at hip. Interior pocket. Adjustable interior waistband with drawstring. Adjustable hem with side elastics. Front zip hidden by a snap button flap.,169,USD,2/19/2024 8:51,jackets,MAN
123824,Aisle,Yes,Clothing,No,2277,322901350-800-46,WOOL BLEND SUIT JACKET,Straight fit jacket made of wool blend fabric. Notched lapel collar and long sleeves with buttoned cuffs. Welt pockets at chest and flap pockets at hip. Interior pocket. Central vent at back hem. Front button closure.,169,USD,2/19/2024 8:51,jackets,MAN
166345,Aisle,No,Clothing,Yes,1135,322929313-802-97,HOODED KNIT CARDIGAN,Cotton knit jacket. Hooded collar and long sleeves. Rib trim. Front pouch pockets. Rib trim. Front zip closure.,69.9,USD,2/19/2024 8:51,jackets,MAN
199279,Aisle,No,Clothing,No,1770,267186163-643-2,HOODED TECHNICAL JACKET,Jacket made of technical fabric with brushed interior. High collar with adjustable hood. Long sleeves with cuffs and adhesive straps. Zip pockets at chest and hip. Front zip closure.,19.99,USD,2/19/2024 8:51,jackets,MAN
167981,End-cap,No,Clothing,No,730,329706743-401-46,HOUNDSTOOTH SUIT JACKET,Straight fit blazer. Notched lapel collar and long sleeves with buttoned cuffs. Welt pocket at chest and flap pockets at hip. Interior pocket. Back vents. Front button closure.,139,USD,2/19/2024 8:51,jackets,MAN
146839,Aisle,No,Clothing,No,1525,321496813-710-2,BOMBER JACKET,Jacket with padded interior. Rib elastic collar and long sleeves. Flap pockets at hip and interior pocket. Rib trim. Front zip closure.,109,USD,2/19/2024 8:51,jackets,MAN
187180,Front of Store,No,Clothing,Yes,647,312596416-800-2,HOODED TECHNICAL JACKET,Cropped jacket made of technical fabric. Hooded high collar and long sleeves with adjustable snap button cuffs. Front patch pockets with flaps at hips. Adjustable hem with side elastics. Front zip hidden by a snap button flap.,109,USD,2/19/2024 8:51,jackets,MAN
167640,End-cap,Yes,Clothing,Yes,1017,311287132-251-2,HOODED TECHNICAL JACKET,Jacket made of technical fabric. High collar with adjustable drawstring hood. Long sleeves with rib cuffs. Chest welt pocket and hip patch pockets. Interior pocket. Adjustable hem with elastics at sides. Front zip hidden by a snap button flap.,109,USD,2/19/2024 8:51,jackets,MAN
165158,Front of Store,No,Clothing,No,1622,323675323-700-2,WASHED EFFECT BOMBER JACKET,Jacket made of technical fabric. Lapel collar and long sleeves with pocket detail. Welt pockets at hip and interior pocket. Washed effect. Elasticized trim. Front zip hidden by a snap button flap.,109,USD,2/19/2024 8:51,jackets,MAN
111521,Front of Store,Yes,Clothing,Yes,2553,323672371-507-2,WASHED TECHNICAL JACKET,Jacket made of technical fabric. High collar and long sleeves with adjustable cuffs with snap button straps. Flap patch pockets at hip. Adjustable drawstring hem. Washed effect. Front zip hidden by a snap button flap.,99.9,USD,2/19/2024 8:51,jackets,MAN
120228,End-cap,No,Clothing,No,2347,327116625-505-2,100% FEATHER FILL PUFFER JACKET,Puffer vest made of technical fabric. Fill is a blend of 60% down and 40% feather. Sleeveless design with high collar. Zip pockets at hip and interior pocket. Adjustable hem with side elastics. Front snap button closure.,89.9,USD,2/19/2024 8:51,jackets,MAN
133078,Aisle,No,Clothing,Yes,2535,311302424-409-2,PADDED BOMBER JACKET,Jacket made of technical fabric with lightly padded interior. Rib elastic collar and long sleeves. Zip pockets at hip. Elastic hem. Front zip closure.,69.9,USD,2/19/2024 8:51,jackets,MAN
137598,Aisle,No,Clothing,Yes,2839,329158644-605-2,POCKET JACKET,Regular fit jacket with lapel collar and long sleeves. Patch pockets at chest and hip. Front button closure.,139,USD,2/19/2024 8:51,jackets,MAN
138779,Front of Store,Yes,Clothing,Yes,2801,329300083-705-48,SLIM FIT SUIT JACKET,Slim fit jacket made of viscose blend fabric. Notched lapel collar. Long sleeves with buttoned cuffs. Welt pocket at chest and flap pockets at hip. Interior pocket. Back vents. Front button closure.,139,USD,2/19/2024 8:51,jackets,MAN
198329,Front of Store,Yes,Clothing,Yes,628,323212374-510-2,MIXED COLLAR JACKET,Jacket made of technical fabric with lightly padded interior. Rib high collar. Long sleeves with elastic cuffs. Patch pockets at hip. Front zip closure.,109,USD,2/19/2024 8:51,jackets,MAN
110295,End-cap,Yes,Clothing,No,1448,322547863-811-2,HOODED DENIM JACKET,Boxy fit jacket. High collar with adjustable hood and long sleeves with buttoned cuffs. Patch pockets with flaps at chest. Front straps with multi-functional ring. Washed effect. Front hidden zip and snap button closure.,129,USD,2/19/2024 8:51,jackets,MAN
196427,Aisle,Yes,Clothing,No,1401,320600266-745-2,WAXED EFFECT PLAID JACKET,Cropped jacket made of cotton with waxed finish. Lapel collar and long adjustable cuffed sleeves. Welt pockets at hip and interior pocket. Adjustable front drawcord hem. Front zip closure.,169,USD,2/19/2024 8:51,jackets,MAN
110075,Front of Store,Yes,Clothing,Yes,2185,320771732-800-2,WOOL BLEND FELT TEXTURE JACKET,Cropped jacket made with wool blend fabric. Lapel collar and long sleeves. Welt pockets at hip. Front hidden button closure.,159,USD,2/19/2024 8:51,jackets,MAN
132322,Front of Store,Yes,Clothing,No,2135,289179723-020-2,PRINTED DENIM OVERSHIRT,Boxy fit overshirt. Lapel collar and short sleeves. Front snap button closure.,12.99,USD,2/19/2024 8:51,jackets,MAN
199631,Front of Store,Yes,Clothing,No,1269,327747299-800-2,STRUCTURED TWILL OVERSHIRT,Regular fit overshirt made of 22% wool fabric. Lapel collar and long sleeves with buttoned cuffs. Patch pocket at chest and side pockets at hip. Side vents at hem. Front button closure.,89.9,USD,2/19/2024 8:51,jackets,MAN
182306,Front of Store,No,Clothing,No,2805,317782501-701-2,COTTON OVERSHIRT,Relaxed fit overshirt made with cotton fabric. Lapel collar and long sleeves with buttoned cuffs. Flap patch pockets at chest and side hip pockets. Front button closure.,89.9,USD,2/19/2024 8:51,jackets,MAN
194915,Aisle,Yes,Clothing,No,1796,311282298-099-2,REVERSIBLE PLAID OVERSHIRT,Relaxed fit reversible overshirt. Italian collar and long sleeves with buttoned cuffs. Chest patch pocket. Front button closure.,79.9,USD,2/19/2024 8:51,jackets,MAN
131298,End-cap,Yes,Clothing,No,2133,322612356-505-2,PLAID OVERSHIRT,Relaxed fit overshirt made with cotton fabric. Lapel collar and long sleeves with buttoned cuffs. Patch pockets at hip. Washed effect. Front button closure.,69.9,USD,2/19/2024 8:51,jackets,MAN
168571,Aisle,No,Clothing,No,1778,311282631-712-2,POCKET OVERSHIRT,Relaxed fit overshirt. Lapel collar and long sleeves with adjustable button cuffs. Welt pockets at hip. Front zip hidden by a snap button flap.,89.9,USD,2/19/2024 8:51,jackets,MAN
154224,End-cap,Yes,Clothing,No,2474,329282612-401-2,100% LINEN OVERSHIRT,Relaxed fit overshirt made of linen fabric. Lapel collar and long sleeves with buttoned cuffs. Chest patch pockets. Front button closure.,89.9,USD,2/19/2024 8:51,jackets,MAN
171061,Aisle,No,Clothing,Yes,2032,320026789-714-2,PLAID OVERSHIRT,Relaxed fit overshirt made of viscose blend fabric. Lapel collar and long sleeves with buttoned cuffs. Chest patch pocket. Front button closure.,59.9,USD,2/19/2024 8:51,jackets,MAN
119049,Aisle,No,Clothing,Yes,1659,323216360-406-2,POCKET DENIM OVERSHIRT,Boxy fit overshirt. Lapel collar and long sleeves with buttoned cuffs. Chest patch pockets. Washed effect. Front button closure.,89.9,USD,2/19/2024 8:51,jackets,MAN
158781,End-cap,Yes,Clothing,Yes,2443,318209963-800-2,FAUX SUEDE OVERSHIRT,Relaxed fit overshirt. Lapel collar and long sleeves. Chest patch pocket. Front snap button closure.,69.9,USD,2/19/2024 8:51,jackets,MAN
151438,Aisle,No,Clothing,Yes,1137,316727555-700-2,PLAID OVERSHIRT,Regular fit overshirt. Lapel collar and long sleeves with buttoned cuffs. Front zip closure.,69.9,USD,2/19/2024 8:51,jackets,MAN
152871,End-cap,No,Clothing,Yes,1847,312571093-710-2,TEXTURED POCKET OVERSHIRT,Overshirt made of diagonal textured cotton fabric. Lapel collar and long sleeves with buttoned cuffs. Patch pockets at hip. Front button closure.,69.9,USD,2/19/2024 8:51,jackets,MAN
126806,End-cap,Yes,Clothing,Yes,2404,330290387-401-2,POCKET OVERSHIRT,Relaxed fit overshirt made of 25% wool fabric. Lapel collar and long sleeves with buttoned cuffs. Patch pocket at chest and side pockets at hip. Front button closure.,109,USD,2/19/2024 8:51,jackets,MAN
134104,End-cap,No,Clothing,Yes,1466,313027279-800-2,OVERSHIRT,Relaxed fit overshirt made of stretch fabric. Lapel collar and long sleeves with buttoned cuffs. Chest patch pocket. Front button closure.,59.9,USD,2/19/2024 8:51,jackets,MAN
120266,Front of Store,No,Clothing,No,2328,320671529-802-2,PLAID OVERSHIRT,Cropped overshirt. Lapel collar and long sleeves with buttoned cuffs. Chest patch pocket. Irregular trim. Front button closure.,59.9,USD,2/19/2024 8:51,jackets,MAN
173550,End-cap,No,Clothing,Yes,1431,323646471-802-2,POCKET OVERSHIRT,Overshirt with lapel collar and long sleeves with buttoned cuffs. Chest patch pocket. Front button closure.,59.9,USD,2/19/2024 8:51,jackets,MAN
175927,End-cap,No,Clothing,Yes,1506,312978838-611-2,ZIPPERED WOOL BLEND OVERSHIRT,Relaxed fit overshirt made of wool blend fabric. Lapel collar and long sleeves with buttoned cuffs. Welt pockets at hip. Front zip closure.,109,USD,2/19/2024 8:51,jackets,MAN
154278,End-cap,No,Clothing,Yes,2749,336446858-822-2,GEOMETRIC JACQUARD OVERSHIRT,Relaxed fit overshirt made with cotton fabric. Lapel collar and long sleeves with buttoned cuffs. Welt pockets at hip. Front button closure.,89.9,USD,2/19/2024 8:51,jackets,MAN
183537,Front of Store,Yes,Clothing,Yes,2434,281883711-071-2,PAINT PRINT OVERSHIRT,Relaxed fit overshirt. Lapel collar and long sleeves with snap button cuffs. Chest patch pockets. Side vents at hem. Front snap button closure.,19.99,USD,2/19/2024 8:51,jackets,MAN
150424,Front of Store,No,Clothing,Yes,2067,313008692-514-2,PADDED CORDUROY OVERSHIRT,Overshirt with quilted interior. Lapel collar and long sleeves with buttoned cuffs. Flap patch pockets at chest and in-seam pockets at side hip. Front snap button closure.,79.9,USD,2/19/2024 8:51,jackets,MAN
183825,Aisle,Yes,Clothing,Yes,2989,281593208-015-2,PLAID TIE DYE OVERSHIRT,Regular fit overshirt made of cotton. Lapel collar and long sleeves with buttoned cuffs. Chest patch pockets. Front button closure.,19.99,USD,2/19/2024 8:51,jackets,MAN
144012,Front of Store,Yes,Clothing,No,743,314937772-710-2,OVERSHIRT WITH CONTRASTING TOPSTITCHING,Relaxed fit overshirt made with cotton fabric. Lapel collar and long sleeves with buttoned cuffs. Chest patch pocket. Contrasting topstitching all over the garment. Front button closure.,59.9,USD,2/19/2024 8:51,jackets,MAN
147051,Front of Store,No,Clothing,No,2325,320278659-251-2,QUILTED STRUCTURED OVERSHIRT,Regular fit overshirt with quilted interior. Lapel collar and long sleeves with buttoned cuffs. Patch pockets at chest and welt pockets at hip. Front button closure.,109,USD,2/19/2024 8:51,jackets,MAN
185800,End-cap,No,Clothing,Yes,1841,321993245-500-2,TECHNICAL OVERSHIRT,Regular fit overshirt with lightly padded interior. Lapel collar and long sleeves with buttoned cuffs. Flap pockets at hip. Front button closure.,109,USD,2/19/2024 8:51,jackets,MAN
197524,Aisle,Yes,Clothing,Yes,2231,330590505-500-2,PLAID OVERSHIRT,Relaxed fit overshirt. Lapel collar and long sleeves with buttoned cuffs. Chest patch pocket. Front button closure.,49.9,USD,2/19/2024 8:51,jackets,MAN
148823,Aisle,No,Clothing,Yes,2211,320680326-107-39,SUEDE FISHERMAN SANDALS,Fisherman sandals. Made of leather with a suede finish. Crossed straps at front. Buckled ankle strap closure. Slightly chunky soles.,89.9,USD,2/19/2024 9:00,shoes,MAN
114550,End-cap,No,Clothing,No,2114,311292244-800-39,ZIPPER MULTIPIECE SNEAKERS,Running shoes. Upper in a combination of pieces and finishes. Front zip closure. Back pull tab for ease. Chunky soles with irregular design.,69.9,USD,2/19/2024 9:00,shoes,MAN
125398,Aisle,Yes,Clothing,Yes,1350,311307610-400-39,SUEDE LACELESS SNEAKERS,Slip on sneakers. Made of leather with a suede finish. Upper in a combination of pieces. Chunky sole.,69.9,USD,2/19/2024 9:00,shoes,MAN
123985,End-cap,No,Clothing,No,2240,311302877-203-39,MULTICOLOR SNEAKERS,Sneakers. Combination of colors and pieces at upper. Lacing with six pairs of eyelets. Chunky rubber sole with irregular design.,69.9,USD,2/19/2024 9:00,shoes,MAN
186638,End-cap,Yes,Clothing,No,1296,311302598-500-39,RETRO RUNNING SNEAKERS,Running shoes. Upper in a combination of pieces and materials. Lacing with seven pairs of eyelets. Chunky lug soles. Retro-inspired design.,59.9,USD,2/19/2024 9:00,shoes,MAN
167281,End-cap,Yes,Clothing,Yes,892,311297328-800-39,SUEDE HIGH-TOPS,High top sneakers. Upper in a combination of pieces and materials. Lacing with seven pairs of eyelets. Chunky tonal sole.,59.9,USD,2/19/2024 9:00,shoes,MAN
118578,End-cap,No,Clothing,Yes,1678,311302865-804-39,SUEDE STRAP SANDALS,Sandals. Made of leather with a suede finish. Two crossed wide straps at instep. Thick lightweight soles.,49.9,USD,2/19/2024 9:00,shoes,MAN
174041,End-cap,No,Clothing,No,2016,311307489-203-39,MULTIPIECE SNEAKERS,Sneakers. Upper in a combination of pieces and colors. Lacing with seven pairs of eyelets. Chunky sole with a combination of colors. Retro-inspired design.,49.9,USD,2/19/2024 9:00,shoes,MAN
127644,Front of Store,No,Clothing,Yes,1498,311287075-120-39,TOPSTITCH SNEAKERS,Sneakers. Pieces and topstitching at upper. Lacing with six pairs of eyelets. Contrasting slightly chunky soles.,45.9,USD,2/19/2024 9:00,shoes,MAN
132007,Aisle,No,Clothing,Yes,2491,276378605-515-39,RETRO SNEAKERS,Sneakers. Upper in a combination of pieces and materials. Lacing with seven pairs of eyelets. Quilted back piece. Chunky sole. Retro style.,9.99,USD,2/19/2024 9:00,shoes,MAN
147998,Aisle,No,Clothing,No,2556,277776476-700-39,RETRO HIGH TOP SNEAKERS,High-top sneakers. Upper in a combination of pieces. Laces with ten pairs of eyelets. Chunky sole.,9.99,USD,2/19/2024 9:00,shoes,MAN
176666,Aisle,Yes,Clothing,No,2852,313381662-202-39,MULTI-PIECED RETRO SNEAKERS,Sneakers. Upper in a combination of pieces and colors. Lacing with six pairs of eyelets. Textured chunky soles. Retro style.,45.9,USD,2/19/2024 9:00,shoes,MAN
193686,Aisle,Yes,Clothing,No,1899,311292343-700-39,TASSEL LEATHER LOAFERS,Loafers. Made of leather. Smooth upper with ruching at toe. Decorative fringed tassels at instep. Rounded shape. Welt around upper. Chunky lug soles.,99.9,USD,2/19/2024 9:00,shoes,MAN
163610,Front of Store,Yes,Clothing,No,2466,311309627-805-39,MOC-TOE SUEDE BOOTS,Suede leather boots. Ridged seam detail at upper. Lacing with two pairs of eyelets. Welt around upper. Slightly chunky sole.,89.9,USD,2/19/2024 9:00,shoes,MAN
170364,Aisle,No,Clothing,No,818,315851805-800-39,STRAP SANDALS,Sandals with two straps. The thin straps hug the instep. Slightly chunky sole.,45.9,USD,2/19/2024 9:00,shoes,MAN
167599,Aisle,No,Clothing,No,1500,311292644-400-39,SUEDE RETRO SNEAKERS,Sneakers. Made of leather. Combination of finishes and materials at upper. Lacing with seven pairs of eyelets. Chunky sole in a combination of colors. Retro-inspired design.,59.9,USD,2/19/2024 9:00,shoes,MAN
166421,End-cap,Yes,Clothing,No,2878,311302552-800-39,HIKING BOOTS,Lace-up boots. Upper in a combination of pieces and finishes. Laces with metal appliquГ©s and seven pairs of eyelets. Welt detail around upper. Rounded shape. Chunky lug soles.,79.9,USD,2/19/2024 9:00,shoes,MAN
129247,Front of Store,Yes,Clothing,No,2386,311302532-102-39,SUEDE SNEAKERS,Sneakers. Made of leather with a suede finish. Laces with five pairs of eyelets. Chunky soles.,69.9,USD,2/19/2024 9:00,shoes,MAN
127314,End-cap,Yes,Clothing,Yes,2076,311287147-723-39,FAUX SHEARLING LINED SUEDE BOOTS,Ankle boots. Made of leather with a suede finish. Faux shearling interior and side detail. Rounded shape. Welt around upper. Back pull tab. Chunky lug soles.,99.9,USD,2/19/2024 9:00,shoes,MAN
111979,Front of Store,No,Clothing,No,2734,311307332-202-39,CHUNKY SNEAKERS,Sneakers. Upper in a combination of pieces and textures. Shoelaces with six pairs of eyelets at different heights. Chunky irregular design soles. Retro-inspired design.,59.9,USD,2/19/2024 9:00,shoes,MAN
120354,Aisle,Yes,Clothing,No,2836,311282293-131-39,DOUBLE STRAP SUEDE SANDALS,Sandals. Made of leather with a suede finish. Two wide straps at instep with buckles. Insole with anatomical shaped footbed. Welt around upper. Chunky lug soles.,59.9,USD,2/19/2024 9:00,shoes,MAN
144848,Front of Store,No,Clothing,No,2193,311287149-800-39,CHUNKY SOLE CANVAS LACE-UP BOOTS,High shaft boots. Lacing with eight pairs of eyelets. Back pull tab for ease. Rounded shape. Chunky lug soles.,89.9,USD,2/19/2024 9:00,shoes,MAN
111957,Aisle,Yes,Clothing,No,2164,311307624-500-39,SUEDE PENNY LOAFERS,Loafers. Made of leather with a suede finish. Ornamental saddle detail at instep. Rounded shape. Contrasting colored sole.,89.9,USD,2/19/2024 9:00,shoes,MAN
160763,Front of Store,Yes,Clothing,Yes,991,311282212-800-39,ADHERENT STRIPES SNEAKERS,Sneakers. Monochromatic. Upper in a combination of pieces. Closure with three adhesive straps. Slightly chunky sole.,45.9,USD,2/19/2024 9:00,shoes,MAN
168270,End-cap,Yes,Clothing,Yes,1525,311292281-203-39,MULTIPIECE SNEAKERS,Running shoes. Upper in a combination of pieces and finishes. Lacing with six pairs of eyelets. Chunky soles with irregular design. Lug soles. Trek style.,69.9,USD,2/19/2024 9:00,shoes,MAN
195082,Front of Store,No,Clothing,No,923,311302515-800-39,CHUNKY SOLE HIGH TOP SNEAKERS,High top sneakers. Lacing with nine pairs of eyelets. Contrasting foxing around the upper. Chunky rubberized soles.,69.9,USD,2/19/2024 9:00,shoes,MAN
110329,Front of Store,No,Clothing,Yes,2397,314937773-800-39,CONTRAST SOLE LEATHER SNEAKERS,Sneakers. Made of leather. Upper in a combination of pieces and finishes. Lacing with six pairs of eyelets. Rounded shape. Chunky sole.,69.9,USD,2/19/2024 9:00,shoes,MAN
147449,End-cap,No,Clothing,No,1191,316608794-802-39,SUEDE RUNNING SNEAKERS,Running shoes. Made of suede leather. Upper in a combination of materials and colors. Lacing with six pairs of eyelets. Chunky soles with irregular design.,69.9,USD,2/19/2024 9:00,shoes,MAN
193332,Aisle,Yes,Clothing,No,1237,319205037-800-39,WOVEN LEATHER SLIDES,Sandals. Made of leather. Three woven wide straps at instep. Chunky sole.,49.9,USD,2/19/2024 9:00,shoes,MAN
146804,Aisle,Yes,Clothing,No,1504,311307495-131-39,SUEDE SNEAKERS,Sneakers. Made of leather with a suede finish. Contrast lacing with seven pairs of eyelets. Welt around upper. Chunky sole.,69.9,USD,2/19/2024 9:00,shoes,MAN
188909,Aisle,Yes,Clothing,Yes,2863,336449731-712-1,ASYMMETRIC CROPPED KNIT SWEATER,Woven V-neckline long sleeve sweater. Asymmetric hem.,39.9,USD,2/19/2024 9:10,sweaters,WOMAN
165910,End-cap,Yes,Clothing,No,2760,313890651-712-2,KNIT SWEATER WITH PEARLS,Sweater made with 22% wool and 10% alpaca. Round neck and long sleeves. Faux pearl appliquГ©.,69.9,USD,2/19/2024 9:10,sweaters,WOMAN
136738,Front of Store,No,Clothing,Yes,542,287414911-803-2,HIGH COLLAR KNIT SWEATER,Sweater with high collar and long sleeves. Front pocket. Side vents at hem. Rib trim.,7.99,USD,2/19/2024 9:10,sweaters,WOMAN
144497,End-cap,Yes,Clothing,Yes,1105,342171615-104-2,STRIPED KNIT SWEATER,Sweater with high collar and long sleeves. Front zip closure.,49.9,USD,2/19/2024 9:10,sweaters,WOMAN
135036,End-cap,Yes,Clothing,No,1435,314152967-485-2,CABLE KNIT METALLIC SWEATER,Round neck long sleeve sweater. Metallic fabric detail and frayed trim.,49.9,USD,2/19/2024 9:10,sweaters,WOMAN
166331,Aisle,Yes,Clothing,Yes,2877,324186867-642-2,ASYMMETRICAL WOOL AND SILK BLEND SWEATER,Wool and silk blend sweater. Asymmetric neckline and long sleeves.,59.9,USD,2/19/2024 9:10,sweaters,WOMAN
139789,Aisle,No,Clothing,Yes,1094,316900618-809-2,WOOL AND CASHMERE BLEND RIB SWEATER,Sweater made with 80% wool and 20% cashmere. Round neck and long sleeves.,69.9,USD,2/19/2024 9:10,sweaters,WOMAN
118569,Aisle,No,Clothing,Yes,994,313890645-330-2,ALPACA AND WOOL BLEND TIE DYE KNIT SWEATER,Sweater made with 31% wool and 28% alpaca. Round neck and long sleeves.,49.9,USD,2/19/2024 9:10,sweaters,WOMAN
155848,End-cap,Yes,Clothing,No,1942,324597432-800-2,MOCK NECK WOOL AND SILK BLEND KNIT TOP,Wool and silk blend top. High collar and long sleeves.,49.9,USD,2/19/2024 9:10,sweaters,WOMAN
152563,Front of Store,No,Clothing,Yes,2572,313890686-731-2,CASHMERE BLEND KNIT SWEATER,Sweater made with 95% cashmere. V-neck and long sleeves. Rib trim.,169,USD,2/19/2024 9:10,sweaters,WOMAN
115153,Aisle,No,Clothing,No,1736,313890650-712-2,ALPACA BLEND OPEN KNIT SWEATER,Sweater made with 63% alpaca. Round neck and long sleeves.,79.9,USD,2/19/2024 9:10,sweaters,WOMAN
125938,Aisle,Yes,Clothing,Yes,1204,313890680-450-2,OVERSIZED KNIT SWEATER,Sweater made with 20% wool and 17% alpaca. Crew neck and long sleeves. Tonal rib trim.,49.9,USD,2/19/2024 9:10,sweaters,WOMAN
122809,End-cap,No,Clothing,Yes,1592,344575855-982-2,WOOL BLEND KNIT SWEATER,Sweater made with 31% wool. Round neck and long sleeves. Rib trim.,49.9,USD,2/19/2024 9:10,sweaters,WOMAN
181502,Front of Store,Yes,Clothing,No,2591,323175653-803-2,SOFT JEWEL SWEATER,Sweater made of soft touch fabric. Round neckline with jewel appliquГ©s and long sleeves.,39.9,USD,2/19/2024 9:10,sweaters,WOMAN
182779,End-cap,Yes,Clothing,Yes,2097,324814227-400-2,FAUX FUR JEWEL SWEATER,Round neck short sleeve sweater. Soft feel faux fur fabric. Jewel appliquГ©s.,35.9,USD,2/19/2024 9:10,sweaters,WOMAN
155674,Front of Store,No,Clothing,No,897,323218942-800-2,METAL BEAD KNIT SWEATER,Round neck long sleeve sweater. Side slit at hem with metal bead appliquГ©s.,49.9,USD,2/19/2024 9:10,sweaters,WOMAN
182866,Aisle,No,Clothing,Yes,1552,313890656-800-2,KNIT SWEATER WITH BUTTONS,Basic sweater with round neck and long sleeves. Side button details at shoulders.,39.9,USD,2/19/2024 9:10,sweaters,WOMAN
148230,Front of Store,Yes,Clothing,No,2494,321480271-802-2,JEWEL KNIT SWEATER,Round neck sweater with jewel appliquГ©s and long sleeves. Back opening with button closure.,59.9,USD,2/19/2024 9:10,sweaters,WOMAN
126979,Front of Store,No,Clothing,No,2141,311297787-806-1,KNIT SWEATER WITH PIPING,Round neck long sleeve sweater. Contrasting piping detail. Rib trim.,49.9,USD,2/19/2024 9:10,sweaters,WOMAN
135521,End-cap,No,Clothing,Yes,2835,322677494-446-1,FINE KNIT CROP SWEATER,Cropped fine knit sweater with round neck and long sleeves.,39.9,USD,2/19/2024 9:10,sweaters,WOMAN
185809,End-cap,No,Clothing,No,622,313890688-330-1,KNIT SWEATER WITH RIPS,Round neck long sleeve sweater. Openwork detail with rips.,49.9,USD,2/19/2024 9:10,sweaters,WOMAN
171520,End-cap,Yes,Clothing,Yes,2901,322451460-800-1,GATHERED WAIST KNIT SWEATER,Round neck long sleeve sweater. Fitted waist with side ruching.,47.9,USD,2/19/2024 9:10,sweaters,WOMAN
122926,End-cap,No,Clothing,No,867,319465261-800-2,KNIT V-NECK SWEATER,V-neck sweater with long sleeves. Rib trim.,45.9,USD,2/19/2024 9:10,sweaters,WOMAN
150953,Front of Store,Yes,Clothing,Yes,2434,317331009-312-2,BASIC FOIL KNIT SWEATER,Round neck long sleeve sweater. Rib trim.,35.9,USD,2/19/2024 9:10,sweaters,WOMAN
115873,End-cap,Yes,Clothing,Yes,2606,311297400-803-1,CONTRAST TOPSTITCHING CROP KNIT SWEATER,V-neck cropped sweater with long sleeves. Front patch pockets. Contrast topstitching.,59.9,USD,2/19/2024 9:10,sweaters,WOMAN
115581,Aisle,No,Clothing,Yes,2728,336449779-104-1,STRIPED CROP KNIT SWEATER,Long sleeve high collar cropped sweater. Frayed hem.,47.9,USD,2/19/2024 9:10,sweaters,WOMAN
183634,Front of Store,Yes,Clothing,Yes,2778,324593343-043-2,BASIC KNIT SWEATER,Long sleeve round neck sweater. Side vents at hem. Rib trim.,27.9,USD,2/19/2024 9:10,sweaters,WOMAN
122484,Aisle,Yes,Clothing,Yes,558,319473750-809-1,V-NECK KNIT SWEATER,V-neck sweater with long sleeves. Side vents at hem.,47.9,USD,2/19/2024 9:10,sweaters,WOMAN
183574,Aisle,Yes,Clothing,Yes,1752,331789902-808-1,FOIL KNIT CROP SWEATER,Ribbed sweater with round neck and long sleeves. Ripped hem.,47.9,USD,2/19/2024 9:10,sweaters,WOMAN
185307,Front of Store,No,Clothing,Yes,2743,300250126-401-2,BASIC 100% WOOL SWEATER,Sweater made of 100% wool. Round neck and long sleeves. Ribbed trim.,7.99,USD,2/19/2024 9:10,sweaters,WOMAN
118719,End-cap,No,Clothing,Yes,1669,320052978-401-2,COLORBLOCK KNIT CROP SWEATER,Short sweater with round neck and long sleeves.,45.9,USD,2/19/2024 9:10,sweaters,WOMAN
134788,Front of Store,No,Clothing,No,2179,324722597-400-2,FINE KNIT SWEATER,V-neck sweater with long sleeves.,45.9,USD,2/19/2024 9:10,sweaters,WOMAN
140142,Front of Store,Yes,Clothing,No,606,328207551-500-2,KNIT OPEN BACK PEARLY SWEATER,High collar sweater with long sleeves. Open back detail and pearl appliquГ©s. Back button closure.,49.9,USD,2/19/2024 9:10,sweaters,WOMAN
153997,End-cap,No,Clothing,Yes,1608,318131967-800-2,KNIT PEARL SWEATER,Round neck long sleeve sweater. Tonal pearl appliquГ©s and open back with tie.,45.9,USD,2/19/2024 9:10,sweaters,WOMAN
123230,Aisle,No,Clothing,Yes,880,324027512-064-2,STRIPED TEXTURED OVERSHIRT,Relaxed fit overshirt. Lapel collar and long sleeves with buttoned cuffs. Patch pockets at hip. Front button closure.,69.9,USD,2/19/2024 8:51,jackets,MAN
154676,Aisle,No,Clothing,No,943,311292623-712-97,FLEECE OVERSHIRT,Regular fit overshirt. Lapel collar and long sleeves with buttoned cuffs. Chest patch pockets. Front button closure.,69.9,USD,2/19/2024 8:51,jackets,MAN
152985,Aisle,Yes,Clothing,Yes,1049,319162032-064-2,PLAID OVERSHIRT,Relaxed fit overshirt. Lapel collar and long sleeves with buttoned cuffs. Chest patch pockets. Front button closure.,89.9,USD,2/19/2024 8:51,jackets,MAN
175584,Front of Store,No,Clothing,No,2084,324908098-800-38,BAGGY FIT JEANS LIMITED EDITION,Baggy jeans. Five pockets. Washed effect. Front zip and button closure.,69.9,USD,2/19/2024 8:54,jeans,MAN
147491,End-cap,No,Clothing,No,1563,326540983-802-36,BAGGY BELTED JEANS,Baggy jeans. Self belt at waist. Front pockets and back patch pockets. Washed effect. Front button closure.,59.9,USD,2/19/2024 8:54,jeans,MAN
198283,End-cap,Yes,Clothing,Yes,1558,315836999-406-34,BAGGY FIT JEANS,Baggy fit jeans. Five pockets. Washed effect. Front zip and button closure.,69.9,USD,2/19/2024 8:54,jeans,MAN
141547,End-cap,No,Clothing,No,1426,315738965-802-34,BAGGY FIT JEANS,Baggy fit jeans. Five pockets. Washed effect. Front zip and button closure.,69.9,USD,2/19/2024 8:54,jeans,MAN
156342,Front of Store,Yes,Clothing,Yes,1466,311287318-400-38,FLARED FIT CARGO JEANS,Flared jeans. Patch pockets with flaps at hip. Patch pocket appliquГ©s at legs. Washed effect. Adjustable hem with zippers. Front zipper and crossover button closure.,109,USD,2/19/2024 8:54,jeans,MAN
186083,End-cap,No,Clothing,Yes,624,312393140-406-2,PLEATED WIDE FIT JEANS,Wide fit jeans. Adjustable interior elastic waistband with front pleats. Front pockets and back patch pockets. Washed effect. Front zip and button closure.,49.9,USD,2/19/2024 8:54,jeans,MAN
171776,Aisle,Yes,Clothing,No,1685,275600408-400-2,DENIM SHIRT,Relaxed fit shirt made of denim fabric. Lapel collar and short sleeves. Chest patch pocket. Washed effect. Front button closure.,12.99,USD,2/19/2024 8:54,jeans,MAN
134429,Aisle,No,Clothing,No,2914,311303003-407-38,RIPPED STRAIGHT FIT JEANS,Straight fit jeans. Five pockets. Washed effect with rips at legs. Front button closure.,69.9,USD,2/19/2024 8:54,jeans,MAN
172816,Aisle,No,Clothing,Yes,1524,311307250-710-3,TEXTURED SWEATER,Sweater made of 30% wool thread. Round neck and long sleeves. Rib trim.,69.9,USD,2/19/2024 8:54,sweaters,MAN
136272,End-cap,No,Clothing,Yes,2887,267195405-500-3,PURL KNIT SWEATER,High collar sweater with front zipper. Long sleeves. Rib trim.,12.99,USD,2/19/2024 8:54,sweaters,MAN
193227,End-cap,Yes,Clothing,Yes,1778,317894313-707-3,BRAIDED COLOR BLOCK SWEATER,Round neck long sleeve full cut sweater. Rib trim.,69.9,USD,2/19/2024 8:54,sweaters,MAN
165786,End-cap,No,Clothing,Yes,1278,315075917-803-2,CONTRAST INTERIOR SWEATER,Cotton blend sweater. Round neck and long sleeves. Contrast interior. Rib trim.,59.9,USD,2/19/2024 8:54,sweaters,MAN
174708,Front of Store,No,Clothing,Yes,529,317889153-700-3,ABSTRACT JACQUARD SWEATER,Full cut cotton knit sweater. Round neck and long sleeves. Rib trim.,59.9,USD,2/19/2024 8:54,sweaters,MAN
142257,Aisle,Yes,Clothing,Yes,1180,315241755-800-2,BASIC SLIM FIT T-SHIRT,Slim fit shirt. Round neck and short sleeves.,19.9,USD,2/19/2024 8:56,t-shirts,MAN
126146,Aisle,No,Clothing,No,2759,320326523-707-2,CROPPED WASHED T-SHIRT,Cropped fit T-shirt with round neck and short sleeves. Contrasting front and back prints. Washed effect.,39.9,USD,2/19/2024 8:56,t-shirts,MAN
129134,Aisle,No,Clothing,Yes,1831,316715458-250-2,BASIC HEAVYWEIGHT T-SHIRT,Roomy T-shirt made of dense cotton. Round neck and short sleeves.,29.9,USD,2/19/2024 8:56,t-shirts,MAN
129898,End-cap,No,Clothing,No,1866,322677489-800-2,HEART PRINT T-SHIRT,Boxy fit T-shirt with round neck and short sleeves. Contrasting prints at shoulder and back.,39.9,USD,2/19/2024 8:56,t-shirts,MAN
189692,End-cap,Yes,Clothing,No,1553,330077856-251-2,TEXT T-SHIRT,Boxy fit T-shirt. Round neck and short sleeves. Velvet effect print with contrast text.,39.9,USD,2/19/2024 8:56,t-shirts,MAN
154846,End-cap,Yes,Clothing,No,917,328232452-898-2,PRINTED CROPPED FIT SHIRT LIMITED EDITION,Cropped shirt. Round neckline. Contrasting front print. Washed effect. Irregular trim.,39.9,USD,2/19/2024 8:56,t-shirts,MAN
122307,End-cap,No,Clothing,No,702,317230892-251-3,RIBBED KNIT T-SHIRT,Cotton knit tank top. Round neck with front button closure. Rib trim.,49.9,USD,2/19/2024 8:56,t-shirts,MAN
182099,Aisle,Yes,Clothing,No,1978,330478123-712-2,OVERSIZE FIT T-SHIRT,Oversized T-shirt. Round neck and short sleeves.,39.9,USD,2/19/2024 8:56,t-shirts,MAN
159816,Front of Store,No,Clothing,Yes,1961,318255748-250-2,BASIC MEDIUM WEIGHT T-SHIRT,Regular fit T-shirt. Round neck and short sleeves.,27.9,USD,2/19/2024 8:56,t-shirts,MAN
165326,Aisle,No,Clothing,No,1188,319334069-712-2,STRUCTURED TEXT T-SHIRT,Full cut T-shirt made of mesh textured fabric. Contrast rib V-neckline and short sleeves. Front contrast printed text.,45.9,USD,2/19/2024 8:56,t-shirts,MAN
185154,Aisle,Yes,Clothing,No,996,311307261-712-2,ABSTRACT PRINT T-SHIRT,Full cut T-shirt with crew neck and short sleeves. Contrasting front and back prints. Washed effect.,39.9,USD,2/19/2024 8:56,t-shirts,MAN
141330,Aisle,No,Clothing,Yes,1915,323216369-922-2,RAISED TEXT T-SHIRT LIMITED EDITION,Full cut T-shirt with round neck and short sleeves. Front tonal raised text. Washed effect.,39.9,USD,2/19/2024 8:56,t-shirts,MAN
158958,End-cap,No,Clothing,No,903,320111404-428-2,RIBBED KNIT T-SHIRT,Cropped fit knit shirt. Round neck and long sleeves. Washed effect.,45.9,USD,2/19/2024 8:56,t-shirts,MAN
155010,Aisle,Yes,Clothing,Yes,729,328232445-800-2,SEMI-SHEER KNIT SHIRT LIMITED EDITION,Slim fit shirt made of wrinkle effect fabric. Round neck and long sleeves.,45.9,USD,2/19/2024 8:56,t-shirts,MAN
135857,Aisle,No,Clothing,Yes,2045,311297550-251-2,VISCOSE BLEND KNIT T-SHIRT,Knit shirt in viscose blend fabric. Mock neck and short sleeves. Rib trim.,45.9,USD,2/19/2024 8:56,t-shirts,MAN
147690,Aisle,Yes,Clothing,No,881,322909502-819-2,STRIPED JACQUARD T-SHIRT,Relaxed fit T-shirt with round neck and short sleeves.,39.9,USD,2/19/2024 8:56,t-shirts,MAN
130321,End-cap,Yes,Clothing,No,2093,320071210-802-2,ABSTRACT PRINT KNIT T-SHIRT,Cotton knit T-shirt. Round neck and short sleeves.,39.9,USD,2/19/2024 8:56,t-shirts,MAN
196752,End-cap,No,Clothing,No,2227,319334070-401-2,STRUCTURED TEXT T-SHIRT,Full cut T-shirt made of mesh textured fabric. Contrast rib V-neckline and short sleeves. Front contrast printed text.,45.9,USD,2/19/2024 8:56,t-shirts,MAN
181011,Aisle,Yes,Clothing,Yes,994,322612356-505-2,HERRINGBONE TEXTURED JACKET,RETRO SNEAKERS,89.9,USD,2/19/2024 9:10,shoes,MAN
139967,End-cap,No,Clothing,No,2634,311282631-712-2,OVERSIZED CROPPED JACKET LIMITED EDITION,V-neck sweater with long sleeves. Rib trim.,69.9,USD,2/19/2024 9:10,t-shirts,MAN
162699,End-cap,No,Clothing,Yes,2732,329282612-401-2,LEATHER BIKER JACKET,Round neck long sleeve sweater. Metallic fabric detail and frayed trim.,89.9,USD,2/19/2024 9:10,sweaters,MAN
119044,Aisle,No,Clothing,Yes,1140,320026789-714-2,CROPPED LEATHER JACKET,Relaxed fit overshirt made of 25% wool fabric. Lapel collar and long sleeves with buttoned cuffs. Patch pocket at chest and side pockets at hip. Front button closure.,169,USD,2/19/2024 9:10,sweaters,MAN
121348,End-cap,No,Clothing,Yes,1008,323216360-406-2,FAUX LEATHER BOXY FIT JACKET,Relaxed fit overshirt made of stretch fabric. Lapel collar and long sleeves with buttoned cuffs. Chest patch pocket. Front button closure.,169,USD,2/19/2024 9:10,t-shirts,MAN
163982,Front of Store,No,Clothing,No,2685,318209963-800-2,FAUX LEATHER JACKET,Cropped overshirt. Lapel collar and long sleeves with buttoned cuffs. Chest patch pocket. Irregular trim. Front button closure.,69.9,USD,2/19/2024 9:10,t-shirts,MAN
185774,End-cap,Yes,Clothing,Yes,1145,316727555-700-2,FAUX SUEDE BOMBER JACKET,Overshirt with lapel collar and long sleeves with buttoned cuffs. Chest patch pocket. Front button closure.,19.99,USD,2/19/2024 9:10,t-shirts,MAN
144651,Aisle,Yes,Clothing,No,1791,312571093-710-2,DENIM BOMBER JACKET,Relaxed fit overshirt made of wool blend fabric. Lapel collar and long sleeves with buttoned cuffs. Welt pockets at hip. Front zip closure.,139,USD,2/19/2024 9:10,t-shirts,MAN
195103,Aisle,Yes,Clothing,No,2849,330290387-401-2,BOUCLГ‰ TEXTURED JACKET,Varsity jacket with elastic collar and long sleeves. Welt pockets at hip and interior pocket. Embroidered appliquГ© and contrast front and back patches. Rib trim. Front snap button closure.,109,USD,2/19/2024 9:10,t-shirts,MAN
123047,Aisle,No,Clothing,Yes,2985,313027279-800-2,SUIT JACKET IN 100% LINEN,Quilted jacket made of technical fabric. Lapel collar and long sleeves. Welt pockets at hip. Rib trim. Front zip closure.,109,USD,2/19/2024 9:10,t-shirts,MAN
123077,Front of Store,No,Clothing,No,1603,320671529-802-2,JACQUARD DENIM JACKET,Jacket made of technical fabric with padded interior. Lapel collar and long sleeves with elastic cuffs. Welt pockets at hip and interior pocket. Adjustable drawstring hem. Front snap button closure.,109,USD,2/19/2024 9:10,t-shirts,MAN
171860,Aisle,Yes,Clothing,No,707,323646471-802-2,PADDED DENIM JACKET,Slightly cropped denim jacket. Lapel collar and long sleeves with buttoned cuffs. Flap patch pocket at chest and side hip. Washed effect. Front button closure.,109,USD,2/19/2024 9:10,t-shirts,MAN
149487,Aisle,No,Clothing,Yes,1258,312978838-611-2,LEATHER JACKET,Boxy fit jacket. Lapel collar and long sleeves with buttoned cuffs. Patch pockets at hip. Washed effect.Asymmetric hem with side vents. Front button closure.,99.9,USD,2/19/2024 9:10,t-shirts,MAN
168516,Front of Store,Yes,Clothing,No,2168,336446858-822-2,LIGHTWEIGHT BOMBER JACKET,Jacket made of faux shearling fabric. V-neckline and long sleeves with elastic cuffs. Lined interior with structured mesh fabric. Welt pockets at hip. Adjustable hem with side elastics. Front snap button closure.,89.9,USD,2/19/2024 9:10,t-shirts,MAN
177771,End-cap,Yes,Clothing,Yes,1764,281883711-071-2,SUIT JACKET,Jacket with lightly padded interior. Corduroy lapel collar. Long sleeves. Patch pockets at hip. Front button closure.,69.9,USD,2/19/2024 9:10,t-shirts,MAN
172015,End-cap,Yes,Clothing,Yes,2622,313008692-514-2,FAUX LEATHER BOMBER JACKET,Cropped overshirt. Lapel collar and long sleeves with buttoned cuffs. Front patch pockets. Irregular finished seams. Front button closure.,139,USD,2/19/2024 9:10,t-shirts,MAN
118985,Aisle,No,Clothing,Yes,694,281593208-015-2,PATCH BOMBER JACKET,Vest made of viscose and wool blend fabric. V-neckline. Patch pockets at hip. Front zip closure.,139,USD,2/19/2024 9:10,t-shirts,MAN
112194,Aisle,Yes,Clothing,Yes,2187,314937772-710-2,STRETCH POCKET OVERSHIRT,Varsity jacket made of faux suede fabric. Double welt pockets at hip and interior pocket. Front and back contrasting patch appliquГ©s and embroidery. Rib trim. Front snap button closure.,109,USD,2/19/2024 9:10,jackets,MAN
113435,Aisle,No,Clothing,Yes,2973,320278659-251-2,RIB COLLAR JACKET,Overshirt made of stretchy fabric. Lapel collar and long sleeves with snap buttoned cuffs. Chest patch pockets. Front snap button closure.,129,USD,2/19/2024 9:10,jackets,MAN
159182,Front of Store,Yes,Clothing,No,1014,321993245-500-2,FAUX LEATHER OVERSIZED JACKET LIMITED EDITION,Jacket made of technical fabric with padded interior. Tonal elastic rib high collar. Long sleeves. Welt pockets at hip and interior pocket. Interior elastic finish. Front zip closure.,169,USD,2/19/2024 9:10,jackets,MAN
199233,Aisle,Yes,Clothing,No,2222,330590505-500-2,CONTRASTING PATCHES BOMBER JACKET,Oversized jacket. Notched lapel collar and long sleeves. Flap pockets at hip and interior pocket. Front button closure.,159,USD,2/19/2024 9:10,jackets,MAN
137044,Aisle,No,Clothing,Yes,2534,320680326-107-39,PATCH BOMBER JACKET,Varsity jacket with elastic collar and long sleeves. Welt pockets at hip and interior pocket. Embroidered appliquГ© and contrast front and back patches. Rib trim. Front snap button closure.,12.99,USD,2/19/2024 9:10,jackets,MAN
154736,Front of Store,Yes,Clothing,Yes,1466,311292244-800-39,CROPPED BOMBER JACKET LIMITED EDITION,Varsity jacket with padded interior. Rib elastic collar and long sleeves in contrast faux leather. Double welt pockets at hip and interior pocket. Contrasting patch appliquГ©s at front and back. Rib trim. Front snap button closure.,19.9,USD,2/19/2024 9:10,jackets,MAN
141434,Front of Store,No,Clothing,Yes,2870,311307610-400-39,FAUX LEATHER PUFFER JACKET,Jacket with lightly padded interior. Rib collar and long sleeves. Flap pockets at waist. Rib trim. Front asymmetric zip closure.,39.9,USD,2/19/2024 9:10,jackets,MAN
